symbol,open,high,low,close,ORH,ORL,last_close,signal,time
360ONE,1134.9000244140625,1137.4000244140625,1126.5,1130.800048828125,1137.4000244140625,1126.5,1119.800048828125,BREAKDOWN ↓ (close below ORL),15:25
ABB,5295.0,5304.5,5246.5,5250.0,5304.5,5246.5,5280.0,Inside Range,15:25
ABCAPITAL,310.8500061035156,313.6000061035156,310.8500061035156,312.04998779296875,313.6000061035156,310.8500061035156,327.0,BREAKOUT ↑ (close above ORH),15:25
ACC,1875.0,1886.4000244140625,1875.0,1882.5,1886.4000244140625,1875.0,1861.0,BREAKDOWN ↓ (close below ORL),15:25
ADANIENSOL,968.0999755859375,968.0999755859375,957.1500244140625,959.9500122070312,968.0999755859375,957.1500244140625,965.0999755859375,Inside Range,15:25
ADANIENT,2553.5,2558.0,2536.0,2555.0,2558.0,2536.0,2529.0,BREAKDOWN ↓ (close below ORL),15:25
ADANIGREEN,1112.5,1129.199951171875,1107.0999755859375,1127.699951171875,1129.199951171875,1107.0999755859375,1142.199951171875,BREAKOUT ↑ (close above ORH),15:25
ADANIPORTS,1457.800048828125,1458.699951171875,1449.5999755859375,1456.4000244140625,1458.699951171875,1449.5999755859375,1459.0999755859375,BREAKOUT ↑ (close above ORH),15:25
ADANIPOWER,163.72000122070312,163.72000122070312,162.3000030517578,162.99000549316406,163.72000122070312,162.3000030517578,162.3000030517578,Inside Range,15:25
ALKEM,5540.0,5540.0,5478.5,5487.0,5540.0,5478.5,5525.0,Inside Range,15:25
AMBUJACEM,573.2999877929688,573.2999877929688,570.0,571.7000122070312,573.2999877929688,570.0,567.2000122070312,BREAKDOWN ↓ (close below ORL),15:25
APLAPOLLO,1811.9000244140625,1811.9000244140625,1755.4000244140625,1767.9000244140625,1811.9000244140625,1755.4000244140625,1784.5999755859375,Inside Range,15:25
APOLLOHOSP,7785.0,7830.0,7785.0,7810.0,7830.0,7785.0,7798.5,Inside Range,15:25
ASHOKLEY,139.60000610351562,140.13999938964844,139.22999572753906,139.47999572753906,140.13999938964844,139.22999572753906,140.8000030517578,BREAKOUT ↑ (close above ORH),15:25
ASIANPAINT,2533.89990234375,2538.10009765625,2521.0,2526.0,2538.10009765625,2521.0,2523.5,Inside Range,15:25
ASTRAL,1463.0,1468.199951171875,1458.300048828125,1459.199951171875,1468.199951171875,1458.300048828125,1461.0,Inside Range,15:25
ATGL,635.9000244140625,643.1500244140625,631.4000244140625,642.5999755859375,643.1500244140625,631.4000244140625,638.5,Inside Range,15:25
AUBANK,883.2000122070312,885.3499755859375,877.6500244140625,884.5999755859375,885.3499755859375,877.6500244140625,878.2999877929688,Inside Range,15:25
AUROPHARMA,1113.0999755859375,1113.0999755859375,1097.199951171875,1097.199951171875,1113.0999755859375,1097.199951171875,1099.800048828125,Inside Range,15:25
AXISBANK,1246.4000244140625,1248.0,1241.199951171875,1242.300048828125,1248.0,1241.199951171875,1238.5999755859375,BREAKDOWN ↓ (close below ORL),15:25
BAJAJ-AUTO,9040.0,9065.0,9014.5,9044.0,9065.0,9014.5,8923.0,BREAKDOWN ↓ (close below ORL),15:25
BAJAJFINSV,2136.0,2137.300048828125,2129.5,2132.10009765625,2137.300048828125,2129.5,2115.10009765625,BREAKDOWN ↓ (close below ORL),15:25
BAJAJHFL,110.30999755859375,112.4000015258789,110.30999755859375,111.54000091552734,112.4000015258789,110.30999755859375,110.72000122070312,Inside Range,15:25
BAJAJHLDNG,12683.0,12685.0,12608.0,12644.0,12685.0,12608.0,12450.0,BREAKDOWN ↓ (close below ORL),15:25
BAJFINANCE,1063.5999755859375,1066.800048828125,1061.25,1063.6500244140625,1066.800048828125,1061.25,1052.300048828125,BREAKDOWN ↓ (close below ORL),15:25
BANKBARODA,274.5,275.79998779296875,272.8500061035156,274.8999938964844,275.79998779296875,272.8500061035156,272.3999938964844,BREAKDOWN ↓ (close below ORL),15:25
BANKINDIA,140.0,141.64999389648438,140.0,140.74000549316406,141.64999389648438,140.0,138.83999633789062,BREAKDOWN ↓ (close below ORL),15:25
BDL,1525.0,1533.5,1520.199951171875,1523.300048828125,1533.5,1520.199951171875,1515.9000244140625,BREAKDOWN ↓ (close below ORL),15:25
BEL,407.79998779296875,408.29998779296875,406.1000061035156,407.25,408.29998779296875,406.1000061035156,410.04998779296875,BREAKOUT ↑ (close above ORH),15:25
BHARATFORG,1325.0,1326.300048828125,1316.199951171875,1316.199951171875,1326.300048828125,1316.199951171875,1317.199951171875,Inside Range,15:25
BHARTIARTL,2079.0,2082.0,2064.199951171875,2068.199951171875,2082.0,2064.199951171875,2066.300048828125,Inside Range,15:25
BHARTIHEXA,1895.0,1895.0,1871.0,1882.5999755859375,1895.0,1871.0,1861.0,BREAKDOWN ↓ (close below ORL),15:25
BHEL,249.41000366210938,251.0,246.8000030517578,249.6699981689453,251.0,246.8000030517578,261.79998779296875,BREAKOUT ↑ (close above ORH),15:25
BIOCON,374.75,380.1499938964844,372.6000061035156,375.04998779296875,380.1499938964844,372.6000061035156,376.6000061035156,Inside Range,15:25
BLUESTARCO,1965.0,1967.0,1947.0,1949.0,1967.0,1947.0,1961.800048828125,Inside Range,15:25
BOSCHLTD,37380.0,37435.0,37200.0,37300.0,37435.0,37200.0,37200.0,Inside Range,15:25
BPCL,349.6499938964844,349.6499938964844,345.54998779296875,348.20001220703125,349.6499938964844,345.54998779296875,357.6000061035156,BREAKOUT ↑ (close above ORH),15:25
BRITANNIA,5850.0,5850.0,5800.0,5808.5,5850.0,5800.0,5859.5,BREAKOUT ↑ (close above ORH),15:25
BSE,2455.0,2461.699951171875,2441.5,2460.800048828125,2461.699951171875,2441.5,2444.0,Inside Range,15:25
CANBK,129.3699951171875,129.60000610351562,128.63999938964844,128.75999450683594,129.60000610351562,128.63999938964844,132.77999877929688,BREAKOUT ↑ (close above ORH),15:25
CGPOWER,752.0,752.6500244140625,730.0,742.3499755859375,752.6500244140625,730.0,734.0999755859375,Inside Range,15:25
CHOLAFIN,1711.9000244140625,1720.0,1711.0,1719.300048828125,1720.0,1711.0,1711.800048828125,Inside Range,15:25
CIPLA,1587.0,1587.0,1566.0999755859375,1568.699951171875,1587.0,1566.0999755859375,1540.0999755859375,BREAKDOWN ↓ (close below ORL),15:25
COALINDIA,382.25,383.0,379.5,382.95001220703125,383.0,379.5,388.0,BREAKOUT ↑ (close above ORH),15:25
COCHINSHIP,1804.5,1804.699951171875,1790.5999755859375,1795.800048828125,1804.699951171875,1790.5999755859375,1781.5,BREAKDOWN ↓ (close below ORL),15:25
COFORGE,1809.5,1812.5,1801.5,1804.5,1812.5,1801.5,1805.0,Inside Range,15:25
COLPAL,2268.0,2268.5,2252.5,2253.699951171875,2268.5,2252.5,2255.300048828125,Inside Range,15:25
CONCOR,557.0,557.0,553.5499877929688,554.5999755859375,557.0,553.5499877929688,550.0,BREAKDOWN ↓ (close below ORL),15:25
COROMANDEL,2260.0,2272.60009765625,2244.60009765625,2257.5,2272.60009765625,2244.60009765625,2168.89990234375,BREAKDOWN ↓ (close below ORL),15:25
CUMMINSIND,4357.0,4357.0,4321.0,4325.7998046875,4357.0,4321.0,4384.2001953125,BREAKOUT ↑ (close above ORH),15:25
DABUR,511.5,511.5,504.75,505.29998779296875,511.5,504.75,500.54998779296875,BREAKDOWN ↓ (close below ORL),15:25
DIVISLAB,6544.5,6585.5,6539.0,6562.0,6585.5,6539.0,6655.0,BREAKOUT ↑ (close above ORH),15:25
DIXON,15565.0,15600.0,15495.0,15562.0,15600.0,15495.0,15650.0,BREAKOUT ↑ (close above ORH),15:25
DLF,780.7999877929688,784.1500244140625,779.0,779.1500244140625,784.1500244140625,779.0,776.5499877929688,BREAKDOWN ↓ (close below ORL),15:25
DMART,4229.39990234375,4229.39990234375,4210.0,4213.89990234375,4229.39990234375,4210.0,4155.0,BREAKDOWN ↓ (close below ORL),15:25
DRREDDY,1189.5,1200.4000244140625,1182.4000244140625,1191.300048828125,1200.4000244140625,1182.4000244140625,1203.5,BREAKOUT ↑ (close above ORH),15:25
EICHERMOT,6969.5,6988.5,6943.5,6971.5,6988.5,6943.5,6900.0,BREAKDOWN ↓ (close below ORL),15:25
ENRIN,3138.199951171875,3152.0,3125.0,3141.199951171875,3152.0,3125.0,3210.0,BREAKOUT ↑ (close above ORH),15:25
ETERNAL,326.54998779296875,332.25,326.54998779296875,330.6499938964844,332.25,326.54998779296875,329.3500061035156,Inside Range,15:25
EXIDEIND,385.1499938964844,385.1499938964844,382.54998779296875,383.6000061035156,385.1499938964844,382.54998779296875,383.3500061035156,Inside Range,15:25
FEDERALBNK,235.25,235.39999389648438,234.5,235.2899932861328,235.39999389648438,234.5,234.80999755859375,Inside Range,15:25
FORTIS,1051.9000244140625,1055.5999755859375,1050.0,1052.4000244140625,1055.5999755859375,1050.0,1043.0,BREAKDOWN ↓ (close below ORL),15:25
GAIL,185.5399932861328,185.5399932861328,182.85000610351562,183.1999969482422,185.5399932861328,182.85000610351562,183.0,Inside Range,15:25
GLENMARK,1850.5,1852.9000244140625,1830.5999755859375,1833.5,1852.9000244140625,1830.5999755859375,1882.800048828125,BREAKOUT ↑ (close above ORH),15:25
GMRAIRPORT,93.20999908447266,95.0999984741211,93.20999908447266,95.0999984741211,95.0999984741211,93.20999908447266,94.47000122070312,Inside Range,15:25
GODFRYPHLP,3170.89990234375,3170.89990234375,3144.89990234375,3165.89990234375,3170.89990234375,3144.89990234375,3145.10009765625,Inside Range,15:25
GODREJCP,1109.0,1109.0,1103.5,1104.4000244140625,1109.0,1103.5,1114.0,BREAKOUT ↑ (close above ORH),15:25
GODREJPROP,2300.0,2311.300048828125,2288.800048828125,2289.0,2311.300048828125,2288.800048828125,2298.89990234375,Inside Range,15:25
GRASIM,2960.0,2960.0,2935.0,2935.300048828125,2960.0,2935.0,2950.39990234375,Inside Range,15:25
HAL,4694.0,4694.0,4658.0,4667.0,4694.0,4658.0,4650.0,BREAKDOWN ↓ (close below ORL),15:25
HAVELLS,1513.9000244140625,1513.9000244140625,1503.699951171875,1503.699951171875,1513.9000244140625,1503.699951171875,1506.300048828125,Inside Range,15:25
HCLTECH,1557.300048828125,1557.5999755859375,1547.199951171875,1549.5,1557.5999755859375,1547.199951171875,1549.800048828125,Inside Range,15:25
HDFCAMC,5405.5,5418.5,5352.0,5374.0,5418.5,5352.0,5385.0,Inside Range,15:25
HDFCBANK,1002.9000244140625,1006.0999755859375,1002.9000244140625,1004.2000122070312,1006.0999755859375,1002.9000244140625,998.1500244140625,BREAKDOWN ↓ (close below ORL),15:25
HDFCLIFE,760.3499755859375,760.3499755859375,753.1500244140625,753.25,760.3499755859375,753.1500244140625,746.2000122070312,BREAKDOWN ↓ (close below ORL),15:25
HEROMOTOCO,5565.0,5576.0,5531.0,5555.5,5576.0,5531.0,5502.0,BREAKDOWN ↓ (close below ORL),15:25
HINDALCO,853.25,855.0999755859375,850.4500122070312,853.7999877929688,855.0999755859375,850.4500122070312,862.5,BREAKOUT ↑ (close above ORH),15:25
HINDPETRO,475.3999938964844,475.3999938964844,465.0,471.6499938964844,475.3999938964844,465.0,469.75,Inside Range,15:25
HINDUNILVR,2494.89990234375,2494.89990234375,2478.5,2483.89990234375,2494.89990234375,2478.5,2470.0,BREAKDOWN ↓ (close below ORL),15:25
HINDZINC,481.79998779296875,481.79998779296875,478.0,479.6499938964844,481.79998779296875,478.0,477.6000061035156,BREAKDOWN ↓ (close below ORL),15:25
HUDCO,235.5399932861328,236.17999267578125,234.0500030517578,235.0,236.17999267578125,234.0500030517578,240.0,BREAKOUT ↑ (close above ORH),15:25
HYUNDAI,2361.0,2408.800048828125,2361.0,2397.89990234375,2408.800048828125,2361.0,2413.699951171875,BREAKOUT ↑ (close above ORH),15:25
ICICIBANK,1364.0,1370.0,1364.0,1368.5999755859375,1370.0,1364.0,1362.4000244140625,BREAKDOWN ↓ (close below ORL),15:25
ICICIGI,2024.5,2032.0,2017.5999755859375,2023.199951171875,2032.0,2017.5999755859375,2014.0999755859375,BREAKDOWN ↓ (close below ORL),15:25
IDEA,9.239999771118164,9.239999771118164,8.829999923706055,8.859999656677246,9.239999771118164,8.829999923706055,8.729999542236328,BREAKDOWN ↓ (close below ORL),15:25
IDFCFIRSTB,79.3499984741211,79.8499984741211,79.22000122070312,79.3499984741211,79.8499984741211,79.22000122070312,78.93000030517578,BREAKDOWN ↓ (close below ORL),15:25
IGL,211.5500030517578,211.9199981689453,210.11000061035156,211.05999755859375,211.9199981689453,210.11000061035156,211.92999267578125,BREAKOUT ↑ (close above ORH),15:25
INDHOTEL,746.2000122070312,751.8499755859375,745.2999877929688,750.5,751.8499755859375,745.2999877929688,751.5,Inside Range,15:25
INDIANB,858.2999877929688,859.5,852.6500244140625,854.1500244140625,859.5,852.6500244140625,853.75,Inside Range,15:25
INDIGO,5825.0,5840.0,5796.5,5828.5,5840.0,5796.5,5725.0,BREAKDOWN ↓ (close below ORL),15:25
INDUSINDBK,800.0499877929688,807.4500122070312,800.0499877929688,807.0,807.4500122070312,800.0499877929688,800.9500122070312,Inside Range,15:25
INDUSTOWER,378.0,378.0,368.5,371.54998779296875,378.0,368.5,368.25,BREAKDOWN ↓ (close below ORL),15:25
INFY,1506.699951171875,1507.0999755859375,1500.5,1502.300048828125,1507.0999755859375,1500.5,1493.800048828125,BREAKDOWN ↓ (close below ORL),15:25
IOC,163.08999633789062,163.66000366210938,162.36000061035156,163.27999877929688,163.66000366210938,162.36000061035156,163.6999969482422,BREAKOUT ↑ (close above ORH),15:25
IRB,44.84000015258789,44.970001220703125,44.79999923706055,44.849998474121094,44.970001220703125,44.79999923706055,44.599998474121094,BREAKDOWN ↓ (close below ORL),15:25
IRCTC,730.6500244140625,732.9500122070312,727.9500122070312,732.4000244140625,732.9500122070312,727.9500122070312,730.4000244140625,Inside Range,15:25
IREDA,155.89999389648438,156.66000366210938,154.86000061035156,155.5,156.66000366210938,154.86000061035156,153.74000549316406,BREAKDOWN ↓ (close below ORL),15:25
IRFC,124.83000183105469,126.25,124.80999755859375,125.25,126.25,124.80999755859375,124.0,BREAKDOWN ↓ (close below ORL),15:25
ITC,421.25,421.25,416.20001220703125,418.8500061035156,421.25,416.20001220703125,419.3500061035156,Inside Range,15:25
ITCHOTELS,219.0,219.25,218.35000610351562,219.1199951171875,219.25,218.35000610351562,217.10000610351562,BREAKDOWN ↓ (close below ORL),15:25
JINDALSTEL,1071.5,1071.5,1062.0,1062.5,1071.5,1062.0,1071.0,Inside Range,15:25
JIOFIN,310.1499938964844,311.5,309.70001220703125,311.0,311.5,309.70001220703125,309.70001220703125,Inside Range,15:25
JSWENERGY,536.6500244140625,536.6500244140625,532.2999877929688,533.0,536.6500244140625,532.2999877929688,539.0,BREAKOUT ↑ (close above ORH),15:25
JSWSTEEL,1209.800048828125,1209.800048828125,1201.5,1203.0999755859375,1209.800048828125,1201.5,1210.0,BREAKOUT ↑ (close above ORH),15:25
JUBLFOOD,612.4000244140625,612.9000244140625,609.1500244140625,609.75,612.9000244140625,609.1500244140625,614.0,BREAKOUT ↑ (close above ORH),15:25
KALYANKJIL,510.95001220703125,512.9500122070312,508.54998779296875,509.6000061035156,512.9500122070312,508.54998779296875,513.0,BREAKOUT ↑ (close above ORH),15:25
KEI,4097.0,4103.89990234375,4085.300048828125,4093.0,4103.89990234375,4085.300048828125,4098.0,Inside Range,15:25
KOTAKBANK,2149.89990234375,2150.199951171875,2138.0,2144.60009765625,2150.199951171875,2138.0,2140.5,Inside Range,15:25
KPITTECH,1195.9000244140625,1195.9000244140625,1178.0999755859375,1183.5999755859375,1195.9000244140625,1178.0999755859375,1172.0,BREAKDOWN ↓ (close below ORL),15:25
LICHSGFIN,592.4500122070312,592.5499877929688,579.4000244140625,580.0,592.5499877929688,579.4000244140625,572.0999755859375,BREAKDOWN ↓ (close below ORL),15:25
LICI,910.6500244140625,910.6500244140625,902.5499877929688,903.4500122070312,910.6500244140625,902.5499877929688,900.9000244140625,BREAKDOWN ↓ (close below ORL),15:25
LODHA,1188.5,1189.800048828125,1177.800048828125,1179.199951171875,1189.800048828125,1177.800048828125,1175.9000244140625,BREAKDOWN ↓ (close below ORL),15:25
LT,4000.60009765625,4049.89990234375,4000.60009765625,4048.0,4049.89990234375,4000.60009765625,3989.5,BREAKDOWN ↓ (close below ORL),15:25
LTF,267.45001220703125,271.95001220703125,267.45001220703125,270.8999938964844,271.95001220703125,267.45001220703125,268.29998779296875,Inside Range,15:25
LTIM,5674.0,5684.5,5637.5,5653.5,5684.5,5637.5,5706.0,BREAKOUT ↑ (close above ORH),15:25
LUPIN,1956.0,1956.0,1938.300048828125,1939.9000244140625,1956.0,1938.300048828125,1945.800048828125,Inside Range,15:25
M&M,3540.0,3549.300048828125,3517.699951171875,3527.199951171875,3549.300048828125,3517.699951171875,3502.10009765625,BREAKDOWN ↓ (close below ORL),15:25
M&MFIN,317.75,322.04998779296875,317.1000061035156,318.45001220703125,322.04998779296875,317.1000061035156,314.1000061035156,BREAKDOWN ↓ (close below ORL),15:25
MANKIND,2448.10009765625,2448.10009765625,2427.10009765625,2430.89990234375,2448.10009765625,2427.10009765625,2446.60009765625,Inside Range,15:25
MARICO,718.8499755859375,722.5499877929688,717.7000122070312,720.7000122070312,722.5499877929688,717.7000122070312,721.5,Inside Range,15:25
MARUTI,16178.0,16185.0,16084.0,16168.0,16185.0,16084.0,16206.0,BREAKOUT ↑ (close above ORH),15:25
MAXHEALTH,1187.800048828125,1188.9000244140625,1176.0,1177.5999755859375,1188.9000244140625,1176.0,1175.5,BREAKDOWN ↓ (close below ORL),15:25
MAZDOCK,2783.10009765625,2783.10009765625,2749.0,2768.0,2783.10009765625,2749.0,2742.0,BREAKDOWN ↓ (close below ORL),15:25
MFSL,1521.300048828125,1534.800048828125,1514.800048828125,1534.300048828125,1534.800048828125,1514.800048828125,1556.199951171875,BREAKOUT ↑ (close above ORH),15:25
MOTHERSON,108.33000183105469,108.69000244140625,107.7300033569336,107.7699966430664,108.69000244140625,107.7300033569336,106.87999725341797,BREAKDOWN ↓ (close below ORL),15:25
MOTILALOFS,1003.5,1017.2999877929688,999.1500244140625,1015.6500244140625,1017.2999877929688,999.1500244140625,1021.9000244140625,BREAKOUT ↑ (close above ORH),15:25
MPHASIS,2886.0,2894.800048828125,2865.5,2872.60009765625,2894.800048828125,2865.5,2893.699951171875,Inside Range,15:25
MRF,160450.0,160560.0,159000.0,159400.0,160560.0,159000.0,158315.0,BREAKDOWN ↓ (close below ORL),15:25
MUTHOOTFIN,3185.0,3185.0,3161.199951171875,3172.89990234375,3185.0,3161.199951171875,3191.39990234375,BREAKOUT ↑ (close above ORH),15:25
NATIONALUM,237.63999938964844,237.89999389648438,235.10000610351562,236.2100067138672,237.89999389648438,235.10000610351562,238.8000030517578,BREAKOUT ↑ (close above ORH),15:25
NAUKRI,1384.9000244140625,1384.9000244140625,1375.0,1378.199951171875,1384.9000244140625,1375.0,1384.0999755859375,Inside Range,15:25
NESTLEIND,1278.0,1280.699951171875,1274.0,1275.199951171875,1280.699951171875,1274.0,1277.300048828125,Inside Range,15:25
NHPC,87.0999984741211,87.0999984741211,86.16000366210938,86.31999969482422,87.0999984741211,86.16000366210938,86.1500015258789,BREAKDOWN ↓ (close below ORL),15:25
NMDC,76.79000091552734,77.08999633789062,76.08000183105469,76.83000183105469,77.08999633789062,76.08000183105469,75.9800033569336,BREAKDOWN ↓ (close below ORL),15:25
NTPC,348.5,348.5,345.95001220703125,346.3999938964844,348.5,345.95001220703125,345.25,BREAKDOWN ↓ (close below ORL),15:25
NTPCGREEN,105.30000305175781,106.12999725341797,103.80000305175781,103.94999694824219,106.12999725341797,103.80000305175781,104.4000015258789,Inside Range,15:25
NYKAA,256.05999755859375,258.25,256.05999755859375,256.70001220703125,258.25,256.05999755859375,256.7699890136719,Inside Range,15:25
OBEROIRLTY,1730.199951171875,1735.0,1723.0,1732.199951171875,1735.0,1723.0,1750.300048828125,BREAKOUT ↑ (close above ORH),15:25
OFSS,8690.0,8690.0,8622.0,8630.5,8690.0,8622.0,8611.5,BREAKDOWN ↓ (close below ORL),15:25
OIL,420.95001220703125,429.54998779296875,420.6499938964844,429.54998779296875,429.54998779296875,420.6499938964844,434.0,BREAKOUT ↑ (close above ORH),15:25
ONGC,256.4200134277344,256.4200134277344,253.69000244140625,255.39999389648438,256.4200134277344,253.69000244140625,254.75,Inside Range,15:25
PAGEIND,41360.0,41485.0,41080.0,41135.0,41485.0,41080.0,41000.0,BREAKDOWN ↓ (close below ORL),15:25
PATANJALI,604.9000244140625,610.0,604.7999877929688,609.8499755859375,610.0,604.7999877929688,608.0,Inside Range,15:25
PAYTM,1305.0,1308.9000244140625,1301.0,1303.4000244140625,1308.9000244140625,1301.0,1310.0,BREAKOUT ↑ (close above ORH),15:25
PERSISTENT,5900.0,5920.0,5885.0,5893.0,5920.0,5885.0,5961.7001953125,BREAKOUT ↑ (close above ORH),15:25
PFC,411.0,411.0,402.95001220703125,406.45001220703125,411.0,402.95001220703125,404.79998779296875,Inside Range,15:25
PHOENIXLTD,1715.0,1716.300048828125,1702.5,1702.9000244140625,1716.300048828125,1702.5,1703.5,Inside Range,15:25
PIDILITIND,1509.9000244140625,1511.699951171875,1501.0,1506.300048828125,1511.699951171875,1501.0,1487.0,BREAKDOWN ↓ (close below ORL),15:25
PIIND,3604.89990234375,3627.0,3601.39990234375,3601.60009765625,3627.0,3601.39990234375,3595.800048828125,BREAKDOWN ↓ (close below ORL),15:25
PNB,121.33000183105469,121.69999694824219,120.87000274658203,121.06999969482422,121.69999694824219,120.87000274658203,120.20999908447266,BREAKDOWN ↓ (close below ORL),15:25
POLICYBZR,1781.0,1806.9000244140625,1766.199951171875,1800.9000244140625,1806.9000244140625,1766.199951171875,1842.0,BREAKOUT ↑ (close above ORH),15:25
POLYCAB,7729.5,7769.5,7700.0,7750.0,7769.5,7700.0,7857.5,BREAKOUT ↑ (close above ORH),15:25
POWERGRID,296.29998779296875,296.45001220703125,293.20001220703125,293.75,296.45001220703125,293.20001220703125,291.70001220703125,BREAKDOWN ↓ (close below ORL),15:25
POWERINDIA,17506.0,17582.0,17372.0,17534.0,17582.0,17372.0,17933.0,BREAKOUT ↑ (close above ORH),15:25
PREMIERENE,1092.300048828125,1100.4000244140625,1089.0,1099.9000244140625,1100.4000244140625,1089.0,1095.0,Inside Range,15:25
PRESTIGE,1761.5,1770.300048828125,1756.0,1757.0999755859375,1770.300048828125,1756.0,1751.699951171875,BREAKDOWN ↓ (close below ORL),15:25
RECLTD,385.6000061035156,385.8999938964844,380.3999938964844,382.29998779296875,385.8999938964844,380.3999938964844,378.29998779296875,BREAKDOWN ↓ (close below ORL),15:25
RELIANCE,1499.9000244140625,1500.699951171875,1494.300048828125,1495.5,1500.699951171875,1494.300048828125,1489.699951171875,BREAKDOWN ↓ (close below ORL),15:25
RVNL,332.8999938964844,337.20001220703125,331.79998779296875,334.75,337.20001220703125,331.79998779296875,331.0,BREAKDOWN ↓ (close below ORL),15:25
SAIL,138.67999267578125,139.69000244140625,137.22999572753906,138.85000610351562,139.69000244140625,137.22999572753906,137.0500030517578,BREAKDOWN ↓ (close below ORL),15:25
SBICARD,913.1500244140625,913.9000244140625,907.5,910.7000122070312,913.9000244140625,907.5,885.75,BREAKDOWN ↓ (close below ORL),15:25
SBILIFE,1970.4000244140625,1971.9000244140625,1962.5,1965.0,1971.9000244140625,1962.5,1969.800048828125,Inside Range,15:25
SBIN,938.0999755859375,942.2999877929688,936.5499877929688,938.1500244140625,942.2999877929688,936.5499877929688,933.9000244140625,BREAKDOWN ↓ (close below ORL),15:25
SHREECEM,29195.0,29195.0,28860.0,28860.0,29195.0,28860.0,28720.0,BREAKDOWN ↓ (close below ORL),15:25
SHRIRAMFIN,739.4500122070312,747.5999755859375,733.3499755859375,745.7999877929688,747.5999755859375,733.3499755859375,738.25,Inside Range,15:25
SIEMENS,3158.5,3158.5,3137.0,3144.10009765625,3158.5,3137.0,3126.800048828125,BREAKDOWN ↓ (close below ORL),15:25
SOLARINDS,13960.0,13995.0,13922.0,13928.0,13995.0,13922.0,13904.0,BREAKDOWN ↓ (close below ORL),15:25
SONACOMS,484.54998779296875,486.5,483.54998779296875,484.3500061035156,486.5,483.54998779296875,483.20001220703125,BREAKDOWN ↓ (close below ORL),15:25
SRF,3028.300048828125,3028.300048828125,3008.800048828125,3009.0,3028.300048828125,3008.800048828125,2979.89990234375,BREAKDOWN ↓ (close below ORL),15:25
SUNPHARMA,1716.5,1716.5,1686.9000244140625,1691.5,1716.5,1686.9000244140625,1700.0,Inside Range,15:25
SUPREMEIND,3854.300048828125,3859.699951171875,3831.60009765625,3833.300048828125,3859.699951171875,3831.60009765625,3800.0,BREAKDOWN ↓ (close below ORL),15:25
SUZLON,58.529998779296875,59.29999923706055,58.45000076293945,58.720001220703125,59.29999923706055,58.45000076293945,58.599998474121094,Inside Range,15:25
SWIGGY,419.25,422.5,419.20001220703125,419.95001220703125,422.5,419.20001220703125,418.25,BREAKDOWN ↓ (close below ORL),15:25
TATACOMM,1908.699951171875,1939.800048828125,1903.0,1920.800048828125,1939.800048828125,1903.0,1913.800048828125,Inside Range,15:25
TATACONSUM,1179.800048828125,1179.800048828125,1169.5,1171.300048828125,1179.800048828125,1169.5,1176.5999755859375,Inside Range,15:25
TATAELXSI,5555.0,5583.0,5541.0,5564.0,5583.0,5541.0,5540.0,BREAKDOWN ↓ (close below ORL),15:25
TATAPOWER,410.6499938964844,412.5,410.29998779296875,412.04998779296875,412.5,410.29998779296875,409.95001220703125,BREAKDOWN ↓ (close below ORL),15:25
TATASTEEL,184.6699981689453,185.17999267578125,183.5500030517578,183.7100067138672,185.17999267578125,183.5500030517578,184.39999389648438,Inside Range,15:25
TATATECH,701.1500244140625,707.5999755859375,701.1500244140625,704.0,707.5999755859375,701.1500244140625,699.9000244140625,BREAKDOWN ↓ (close below ORL),15:25
TCS,3052.699951171875,3063.800048828125,3051.10009765625,3052.10009765625,3063.800048828125,3051.10009765625,3035.5,BREAKDOWN ↓ (close below ORL),15:25
TECHM,1457.699951171875,1457.699951171875,1447.5999755859375,1449.5,1457.699951171875,1447.5999755859375,1432.5999755859375,BREAKDOWN ↓ (close below ORL),15:25
TIINDIA,3156.699951171875,3156.699951171875,3138.199951171875,3140.89990234375,3156.699951171875,3138.199951171875,3059.699951171875,BREAKDOWN ↓ (close below ORL),15:25
TITAN,3747.800048828125,3748.800048828125,3728.0,3729.60009765625,3748.800048828125,3728.0,3750.699951171875,BREAKOUT ↑ (close above ORH),15:25
TMPV,412.70001220703125,415.3999938964844,412.04998779296875,412.75,415.3999938964844,412.04998779296875,413.0,Inside Range,15:25
TORNTPHARM,3604.0,3604.0,3576.89990234375,3587.300048828125,3604.0,3576.89990234375,3602.39990234375,Inside Range,15:25
TORNTPOWER,1316.5,1321.199951171875,1310.9000244140625,1315.5,1321.199951171875,1310.9000244140625,1318.199951171875,Inside Range,15:25
TRENT,4781.10009765625,4781.10009765625,4756.7001953125,4760.60009765625,4781.10009765625,4756.7001953125,4744.5,BREAKDOWN ↓ (close below ORL),15:25
TVSMOTOR,3510.0,3520.0,3494.60009765625,3520.0,3520.0,3494.60009765625,3491.699951171875,BREAKDOWN ↓ (close below ORL),15:25
ULTRACEMCO,12035.0,12035.0,11992.0,12000.0,12035.0,11992.0,12040.0,BREAKOUT ↑ (close above ORH),15:25
UNIONBANK,146.38999938964844,147.10000610351562,145.8000030517578,146.25999450683594,147.10000610351562,145.8000030517578,142.39999389648438,BREAKDOWN ↓ (close below ORL),15:25
UNITDSPR,1386.0,1386.0,1378.0,1382.0999755859375,1386.0,1378.0,1399.9000244140625,BREAKOUT ↑ (close above ORH),15:25
UPL,720.9500122070312,721.2999877929688,717.0499877929688,717.7999877929688,721.2999877929688,717.0499877929688,723.4500122070312,BREAKOUT ↑ (close above ORH),15:25
VBL,492.6000061035156,498.79998779296875,491.0,495.6499938964844,498.79998779296875,491.0,484.0,BREAKDOWN ↓ (close below ORL),15:25
VEDL,512.0999755859375,513.2999877929688,509.04998779296875,510.3500061035156,513.2999877929688,509.04998779296875,506.95001220703125,BREAKDOWN ↓ (close below ORL),15:25
VMM,147.14999389648438,147.2899932861328,146.61000061035156,147.00999450683594,147.2899932861328,146.61000061035156,145.75,BREAKDOWN ↓ (close below ORL),15:25
VOLTAS,1414.5999755859375,1419.0,1407.0999755859375,1407.0999755859375,1419.0,1407.0999755859375,1415.300048828125,Inside Range,15:25
WAAREEENER,3471.800048828125,3515.0,3466.89990234375,3499.60009765625,3515.0,3466.89990234375,3432.199951171875,BREAKDOWN ↓ (close below ORL),15:25
WIPRO,242.88999938964844,244.75,242.5,242.85000610351562,244.75,242.5,241.9499969482422,BREAKDOWN ↓ (close below ORL),15:25
YESBANK,22.709999084472656,22.709999084472656,22.559999465942383,22.56999969482422,22.709999084472656,22.559999465942383,22.239999771118164,BREAKDOWN ↓ (close below ORL),15:25
ZYDUSLIFE,1004.0,1004.0,989.0,990.7000122070312,1004.0,989.0,987.5999755859375,BREAKDOWN ↓ (close below ORL),15:25
