symbol,open,high,low,close,ORH,ORL,last_close,signal,time,date
360ONE,1088.5999755859375,1099.9000244140625,1084.5999755859375,1096.300048828125,1099.9000244140625,1084.5999755859375,1098.9000244140625,Inside Range,10:40,2025-11-03
ABB,5215.0,5246.5,5205.0,5243.5,5246.5,5205.0,5249.5,BREAKOUT ↑ (close above ORH),10:40,2025-11-03
ABCAPITAL,325.6000061035156,335.0,325.6000061035156,333.0,335.0,325.6000061035156,330.25,Inside Range,10:40,2025-11-03
ACC,1919.199951171875,1919.199951171875,1900.699951171875,1900.699951171875,1919.199951171875,1900.699951171875,1888.0,BREAKDOWN ↓ (close below ORL),10:40,2025-11-03
ADANIENSOL,987.7000122070312,992.5999755859375,976.4000244140625,992.5999755859375,992.5999755859375,976.4000244140625,999.5,BREAKOUT ↑ (close above ORH),10:40,2025-11-03
ADANIENT,2482.0,2488.39990234375,2458.300048828125,2477.0,2488.39990234375,2458.300048828125,2485.0,Inside Range,10:40,2025-11-03
ADANIGREEN,1138.0,1157.300048828125,1136.0,1157.300048828125,1157.300048828125,1136.0,1137.4000244140625,Inside Range,10:40,2025-11-03
ADANIPORTS,1450.699951171875,1456.5999755859375,1435.300048828125,1442.4000244140625,1456.5999755859375,1435.300048828125,1442.4000244140625,Inside Range,10:40,2025-11-03
ADANIPOWER,158.83999633789062,158.97999572753906,157.3000030517578,158.24000549316406,158.97999572753906,157.3000030517578,158.07000732421875,Inside Range,10:40,2025-11-03
ALKEM,5520.0,5534.0,5511.5,5530.0,5534.0,5511.5,5518.5,Inside Range,10:40,2025-11-03
AMBUJACEM,568.3499755859375,570.7999877929688,566.8499755859375,569.5,570.7999877929688,566.8499755859375,569.3499755859375,Inside Range,10:40,2025-11-03
APLAPOLLO,1786.0999755859375,1807.9000244140625,1786.0999755859375,1807.0,1807.9000244140625,1786.0999755859375,1798.5,Inside Range,10:40,2025-11-03
APOLLOHOSP,7674.5,7714.0,7674.5,7703.0,7714.0,7674.5,7747.0,BREAKOUT ↑ (close above ORH),10:40,2025-11-03
ASHOKLEY,142.10000610351562,142.89999389648438,141.41000366210938,141.9199981689453,142.89999389648438,141.41000366210938,140.50999450683594,BREAKDOWN ↓ (close below ORL),10:40,2025-11-03
ASIANPAINT,2501.10009765625,2512.60009765625,2498.10009765625,2506.89990234375,2512.60009765625,2498.10009765625,2502.199951171875,Inside Range,10:40,2025-11-03
ASTRAL,1459.0,1459.0,1448.800048828125,1449.0,1459.0,1448.800048828125,1448.199951171875,BREAKDOWN ↓ (close below ORL),10:40,2025-11-03
ATGL,632.75,632.75,627.1500244140625,629.7000122070312,632.75,627.1500244140625,630.0999755859375,Inside Range,10:40,2025-11-03
AUBANK,876.0,884.7999877929688,876.0,882.2999877929688,884.7999877929688,876.0,872.8499755859375,BREAKDOWN ↓ (close below ORL),10:40,2025-11-03
AUROPHARMA,1147.9000244140625,1148.5999755859375,1135.199951171875,1148.5999755859375,1148.5999755859375,1135.199951171875,1148.199951171875,Inside Range,10:40,2025-11-03
AXISBANK,1227.699951171875,1230.0,1223.5999755859375,1224.199951171875,1230.0,1223.5999755859375,1236.9000244140625,BREAKOUT ↑ (close above ORH),10:40,2025-11-03
BAJAJ-AUTO,8900.5,8957.0,8874.0,8899.5,8957.0,8874.0,8892.0,Inside Range,10:40,2025-11-03
BAJAJFINSV,2086.10009765625,2086.10009765625,2073.300048828125,2076.199951171875,2086.10009765625,2073.300048828125,2098.5,BREAKOUT ↑ (close above ORH),10:40,2025-11-03
BAJAJHFL,110.30000305175781,110.3499984741211,109.97000122070312,109.97000122070312,110.3499984741211,109.97000122070312,109.8499984741211,BREAKDOWN ↓ (close below ORL),10:40,2025-11-03
BAJAJHLDNG,12273.0,12273.0,12163.0,12188.0,12273.0,12163.0,12124.0,BREAKDOWN ↓ (close below ORL),10:40,2025-11-03
BAJFINANCE,1037.0,1040.800048828125,1033.0,1033.5999755859375,1040.800048828125,1033.0,1045.0,BREAKOUT ↑ (close above ORH),10:40,2025-11-03
BANKBARODA,285.0,292.70001220703125,284.20001220703125,289.75,292.70001220703125,284.20001220703125,291.1499938964844,Inside Range,10:40,2025-11-03
BANKINDIA,140.52999877929688,142.88999938964844,140.35000610351562,142.0800018310547,142.88999938964844,140.35000610351562,142.63999938964844,Inside Range,10:40,2025-11-03
BDL,1530.0999755859375,1535.4000244140625,1518.9000244140625,1522.0999755859375,1535.4000244140625,1518.9000244140625,1519.9000244140625,Inside Range,10:40,2025-11-03
BEL,427.8500061035156,431.0,416.5,417.70001220703125,431.0,416.5,421.3999938964844,Inside Range,10:40,2025-11-03
BHARATFORG,1323.5,1328.0,1316.5999755859375,1327.699951171875,1328.0,1316.5999755859375,1326.800048828125,Inside Range,10:40,2025-11-03
BHARTIARTL,2055.0,2059.0,2047.300048828125,2057.39990234375,2059.0,2047.300048828125,2059.800048828125,BREAKOUT ↑ (close above ORH),10:40,2025-11-03
BHARTIHEXA,1855.800048828125,1855.800048828125,1827.5999755859375,1850.300048828125,1855.800048828125,1827.5999755859375,1858.4000244140625,BREAKOUT ↑ (close above ORH),10:40,2025-11-03
BHEL,265.79998779296875,267.1000061035156,264.8999938964844,267.0,267.1000061035156,264.8999938964844,266.29998779296875,Inside Range,10:40,2025-11-03
BIOCON,372.04998779296875,374.6000061035156,372.04998779296875,374.6000061035156,374.6000061035156,372.04998779296875,373.3500061035156,Inside Range,10:40,2025-11-03
BLUESTARCO,1923.199951171875,1937.199951171875,1923.199951171875,1936.0,1937.199951171875,1923.199951171875,1931.0999755859375,Inside Range,10:40,2025-11-03
BOSCHLTD,37200.0,37200.0,36950.0,37035.0,37200.0,36950.0,36580.0,BREAKDOWN ↓ (close below ORL),10:40,2025-11-03
BPCL,361.6499938964844,361.6499938964844,356.25,360.6000061035156,361.6499938964844,356.25,363.04998779296875,BREAKOUT ↑ (close above ORH),10:40,2025-11-03
BRITANNIA,5869.0,5874.5,5804.0,5831.0,5874.5,5804.0,5828.0,Inside Range,10:40,2025-11-03
BSE,2488.800048828125,2514.39990234375,2488.800048828125,2501.60009765625,2514.39990234375,2488.800048828125,2562.89990234375,BREAKOUT ↑ (close above ORH),10:40,2025-11-03
CANBK,137.6999969482422,141.42999267578125,137.42999267578125,140.0,141.42999267578125,137.42999267578125,141.0,Inside Range,10:40,2025-11-03
CGPOWER,733.0999755859375,733.0999755859375,727.0,728.7999877929688,733.0999755859375,727.0,734.0,BREAKOUT ↑ (close above ORH),10:40,2025-11-03
CHOLAFIN,1698.0,1737.0999755859375,1698.0,1725.5999755859375,1737.0999755859375,1698.0,1736.699951171875,Inside Range,10:40,2025-11-03
CIPLA,1502.0,1508.4000244140625,1491.0,1505.800048828125,1508.4000244140625,1491.0,1504.699951171875,Inside Range,10:40,2025-11-03
COALINDIA,390.54998779296875,390.54998779296875,387.6000061035156,388.95001220703125,390.54998779296875,387.6000061035156,389.5,Inside Range,10:40,2025-11-03
COCHINSHIP,1789.0999755859375,1796.4000244140625,1786.0,1790.5,1796.4000244140625,1786.0,1793.5,Inside Range,10:40,2025-11-03
COFORGE,1777.199951171875,1777.199951171875,1761.0,1774.199951171875,1777.199951171875,1761.0,1765.199951171875,Inside Range,10:40,2025-11-03
COLPAL,2227.800048828125,2227.800048828125,2202.89990234375,2208.89990234375,2227.800048828125,2202.89990234375,2209.89990234375,Inside Range,10:40,2025-11-03
CONCOR,545.5499877929688,549.5,544.25,549.5,549.5,544.25,550.3499755859375,BREAKOUT ↑ (close above ORH),10:40,2025-11-03
COROMANDEL,2115.60009765625,2128.800048828125,2110.89990234375,2116.10009765625,2128.800048828125,2110.89990234375,2115.199951171875,Inside Range,10:40,2025-11-03
CUMMINSIND,4350.0,4381.7001953125,4346.5,4376.7998046875,4381.7001953125,4346.5,4398.0,BREAKOUT ↑ (close above ORH),10:40,2025-11-03
DABUR,488.5,488.75,486.0,488.3999938964844,488.75,486.0,490.8500061035156,BREAKOUT ↑ (close above ORH),10:40,2025-11-03
DIVISLAB,6740.5,6804.0,6732.5,6803.0,6804.0,6732.5,6819.0,BREAKOUT ↑ (close above ORH),10:40,2025-11-03
DIXON,15500.0,15500.0,15380.0,15384.0,15500.0,15380.0,15393.0,Inside Range,10:40,2025-11-03
DLF,755.0,760.0,752.4500122070312,758.2999877929688,760.0,752.4500122070312,770.7000122070312,BREAKOUT ↑ (close above ORH),10:40,2025-11-03
DMART,4153.39990234375,4173.2998046875,4151.0,4159.39990234375,4173.2998046875,4151.0,4139.7998046875,BREAKDOWN ↓ (close below ORL),10:40,2025-11-03
DRREDDY,1196.800048828125,1197.699951171875,1188.0,1193.5,1197.699951171875,1188.0,1197.300048828125,Inside Range,10:40,2025-11-03
EICHERMOT,7024.5,7049.0,7007.0,7026.5,7049.0,7007.0,7042.5,Inside Range,10:40,2025-11-03
ENRIN,3198.60009765625,3210.0,3178.800048828125,3208.800048828125,3210.0,3178.800048828125,3235.0,BREAKOUT ↑ (close above ORH),10:40,2025-11-03
ETERNAL,316.3999938964844,316.8999938964844,314.3500061035156,314.70001220703125,316.8999938964844,314.3500061035156,316.75,Inside Range,10:40,2025-11-03
EXIDEIND,381.95001220703125,383.6499938964844,381.3999938964844,383.6499938964844,383.6499938964844,381.3999938964844,383.8500061035156,BREAKOUT ↑ (close above ORH),10:40,2025-11-03
FEDERALBNK,236.67999267578125,237.5800018310547,236.67999267578125,236.99000549316406,237.5800018310547,236.67999267578125,237.38999938964844,Inside Range,10:40,2025-11-03
FORTIS,1024.699951171875,1036.300048828125,1019.4000244140625,1032.800048828125,1036.300048828125,1019.4000244140625,1031.5,Inside Range,10:40,2025-11-03
GAIL,182.1999969482422,183.4199981689453,177.97999572753906,182.92999267578125,183.4199981689453,177.97999572753906,182.6199951171875,Inside Range,10:40,2025-11-03
GLENMARK,1889.0999755859375,1916.800048828125,1888.9000244140625,1915.5999755859375,1916.800048828125,1888.9000244140625,1900.5,Inside Range,10:40,2025-11-03
GMRAIRPORT,94.0,94.0,93.23999786376953,94.0,94.0,93.23999786376953,93.44000244140625,Inside Range,10:40,2025-11-03
GODFRYPHLP,3092.89990234375,3158.89990234375,3090.300048828125,3114.10009765625,3158.89990234375,3090.300048828125,3118.0,Inside Range,10:40,2025-11-03
GODREJCP,1163.199951171875,1182.9000244140625,1157.800048828125,1163.199951171875,1182.9000244140625,1157.800048828125,1167.5999755859375,Inside Range,10:40,2025-11-03
GODREJPROP,2281.0,2293.0,2281.0,2287.300048828125,2293.0,2281.0,2297.89990234375,BREAKOUT ↑ (close above ORH),10:40,2025-11-03
GRASIM,2896.5,2902.199951171875,2883.10009765625,2884.5,2902.199951171875,2883.10009765625,2910.0,BREAKOUT ↑ (close above ORH),10:40,2025-11-03
HAL,4681.0,4709.0,4667.0,4676.0,4709.0,4667.0,4686.5,Inside Range,10:40,2025-11-03
HAVELLS,1482.0999755859375,1493.4000244140625,1482.0999755859375,1491.199951171875,1493.4000244140625,1482.0999755859375,1488.300048828125,Inside Range,10:40,2025-11-03
HCLTECH,1540.0999755859375,1540.0999755859375,1530.199951171875,1537.199951171875,1540.0999755859375,1530.199951171875,1541.0999755859375,BREAKOUT ↑ (close above ORH),10:40,2025-11-03
HDFCAMC,5390.5,5390.5,5313.0,5315.5,5390.5,5313.0,5363.5,Inside Range,10:40,2025-11-03
HDFCBANK,985.0,988.1500244140625,983.2999877929688,985.2999877929688,988.1500244140625,983.2999877929688,991.5999755859375,BREAKOUT ↑ (close above ORH),10:40,2025-11-03
HDFCLIFE,730.5499877929688,732.5,728.7999877929688,731.5999755859375,732.5,728.7999877929688,732.5499877929688,BREAKOUT ↑ (close above ORH),10:40,2025-11-03
HEROMOTOCO,5571.5,5577.5,5527.5,5528.5,5577.5,5527.5,5544.0,Inside Range,10:40,2025-11-03
HINDALCO,849.7999877929688,855.5499877929688,846.8499755859375,848.2999877929688,855.5499877929688,846.8499755859375,851.3499755859375,Inside Range,10:40,2025-11-03
HINDPETRO,481.8999938964844,486.0,481.04998779296875,486.0,486.0,481.04998779296875,483.8500061035156,Inside Range,10:40,2025-11-03
HINDUNILVR,2460.0,2464.39990234375,2453.10009765625,2464.39990234375,2464.39990234375,2453.10009765625,2456.5,Inside Range,10:40,2025-11-03
HINDZINC,476.6499938964844,479.5,476.1000061035156,479.5,479.5,476.1000061035156,477.1000061035156,Inside Range,10:40,2025-11-03
HUDCO,236.49000549316406,239.8000030517578,236.00999450683594,239.5,239.8000030517578,236.00999450683594,239.4199981689453,Inside Range,10:40,2025-11-03
HYUNDAI,2440.5,2458.0,2426.300048828125,2441.5,2458.0,2426.300048828125,2426.0,BREAKDOWN ↓ (close below ORL),10:40,2025-11-03
ICICIBANK,1341.699951171875,1344.0,1340.5999755859375,1341.4000244140625,1344.0,1340.5999755859375,1347.199951171875,BREAKOUT ↑ (close above ORH),10:40,2025-11-03
ICICIGI,1990.199951171875,1990.199951171875,1978.5999755859375,1982.0,1990.199951171875,1978.5999755859375,1992.699951171875,BREAKOUT ↑ (close above ORH),10:40,2025-11-03
IDEA,9.15999984741211,9.15999984741211,8.850000381469727,8.989999771118164,9.15999984741211,8.850000381469727,8.819999694824219,BREAKDOWN ↓ (close below ORL),10:40,2025-11-03
IDFCFIRSTB,82.0,82.19999694824219,81.72000122070312,82.12000274658203,82.19999694824219,81.72000122070312,81.68000030517578,BREAKDOWN ↓ (close below ORL),10:40,2025-11-03
IGL,209.39999389648438,213.5399932861328,209.39999389648438,213.25,213.5399932861328,209.39999389648438,213.60000610351562,BREAKOUT ↑ (close above ORH),10:40,2025-11-03
INDHOTEL,744.75,744.75,740.2000122070312,743.0999755859375,744.75,740.2000122070312,745.0,BREAKOUT ↑ (close above ORH),10:40,2025-11-03
INDIANB,864.8499755859375,872.6500244140625,863.5,867.2000122070312,872.6500244140625,863.5,881.6500244140625,BREAKOUT ↑ (close above ORH),10:40,2025-11-03
INDIGO,5638.5,5682.0,5628.0,5669.5,5682.0,5628.0,5675.5,Inside Range,10:40,2025-11-03
INDUSINDBK,794.0,797.3499755859375,792.5999755859375,794.7999877929688,797.3499755859375,792.5999755859375,799.0,BREAKOUT ↑ (close above ORH),10:40,2025-11-03
INDUSTOWER,366.8999938964844,371.54998779296875,366.8999938964844,369.8500061035156,371.54998779296875,366.8999938964844,367.70001220703125,Inside Range,10:40,2025-11-03
INFY,1484.800048828125,1484.800048828125,1476.199951171875,1478.0,1484.800048828125,1476.199951171875,1478.5,Inside Range,10:40,2025-11-03
IOC,167.0500030517578,167.67999267578125,165.97999572753906,167.67999267578125,167.67999267578125,165.97999572753906,167.9199981689453,BREAKOUT ↑ (close above ORH),10:40,2025-11-03
IRB,45.0,45.0,44.790000915527344,44.939998626708984,45.0,44.790000915527344,45.099998474121094,BREAKOUT ↑ (close above ORH),10:40,2025-11-03
IRCTC,718.9000244140625,720.4500122070312,716.0999755859375,720.4500122070312,720.4500122070312,716.0999755859375,719.7000122070312,Inside Range,10:40,2025-11-03
IREDA,151.7100067138672,153.2899932861328,151.64999389648438,153.2899932861328,153.2899932861328,151.64999389648438,152.8000030517578,Inside Range,10:40,2025-11-03
IRFC,123.25,123.5999984741211,123.0199966430664,123.30000305175781,123.5999984741211,123.0199966430664,123.18000030517578,Inside Range,10:40,2025-11-03
ITC,419.79998779296875,420.25,416.3999938964844,418.75,420.25,416.3999938964844,418.54998779296875,Inside Range,10:40,2025-11-03
ITCHOTELS,218.1999969482422,218.1999969482422,217.10000610351562,217.39999389648438,218.1999969482422,217.10000610351562,217.75,Inside Range,10:40,2025-11-03
JINDALSTEL,1066.5,1078.4000244140625,1066.5,1076.4000244140625,1078.4000244140625,1066.5,1074.0,Inside Range,10:40,2025-11-03
JIOFIN,306.75,306.75,303.79998779296875,305.45001220703125,306.75,303.79998779296875,307.5,BREAKOUT ↑ (close above ORH),10:40,2025-11-03
JSWENERGY,528.4000244140625,529.2999877929688,524.8499755859375,529.0999755859375,529.2999877929688,524.8499755859375,529.0,Inside Range,10:40,2025-11-03
JSWSTEEL,1215.0,1217.300048828125,1206.699951171875,1210.0999755859375,1217.300048828125,1206.699951171875,1204.0,BREAKDOWN ↓ (close below ORL),10:40,2025-11-03
JUBLFOOD,599.0,599.0499877929688,594.5,596.75,599.0499877929688,594.5,594.7000122070312,Inside Range,10:40,2025-11-03
KALYANKJIL,510.54998779296875,512.0,508.75,510.1000061035156,512.0,508.75,509.45001220703125,Inside Range,10:40,2025-11-03
KEI,3996.0,4049.39990234375,3996.0,4034.60009765625,4049.39990234375,3996.0,4039.300048828125,Inside Range,10:40,2025-11-03
KOTAKBANK,2106.0,2108.39990234375,2090.60009765625,2090.800048828125,2108.39990234375,2090.60009765625,2105.5,Inside Range,10:40,2025-11-03
KPITTECH,1166.5,1168.5,1149.5999755859375,1153.9000244140625,1168.5,1149.5999755859375,1155.9000244140625,Inside Range,10:40,2025-11-03
LICHSGFIN,572.9500122070312,577.0999755859375,571.8499755859375,575.7000122070312,577.0999755859375,571.8499755859375,574.5999755859375,Inside Range,10:40,2025-11-03
LICI,894.75,900.5999755859375,894.75,899.5,900.5999755859375,894.75,899.75,Inside Range,10:40,2025-11-03
LODHA,1199.699951171875,1209.9000244140625,1198.4000244140625,1203.9000244140625,1209.9000244140625,1198.4000244140625,1220.0,BREAKOUT ↑ (close above ORH),10:40,2025-11-03
LT,4028.0,4038.89990234375,4022.39990234375,4027.89990234375,4038.89990234375,4022.39990234375,4036.60009765625,Inside Range,10:40,2025-11-03
LTF,269.95001220703125,276.29998779296875,269.95001220703125,274.95001220703125,276.29998779296875,269.95001220703125,276.0,Inside Range,10:40,2025-11-03
LTIM,5685.0,5708.0,5667.0,5708.0,5708.0,5667.0,5680.0,Inside Range,10:40,2025-11-03
LUPIN,1966.9000244140625,1997.699951171875,1966.9000244140625,1983.5,1997.699951171875,1966.9000244140625,1954.5999755859375,BREAKDOWN ↓ (close below ORL),10:40,2025-11-03
M&M,3519.0,3588.60009765625,3519.0,3550.10009765625,3588.60009765625,3519.0,3555.10009765625,Inside Range,10:40,2025-11-03
M&MFIN,316.75,321.6000061035156,316.75,319.70001220703125,321.6000061035156,316.75,319.8999938964844,Inside Range,10:40,2025-11-03
MANKIND,2384.0,2384.0,2370.5,2375.0,2384.0,2370.5,2373.10009765625,Inside Range,10:40,2025-11-03
MARICO,719.5999755859375,722.9000244140625,718.0999755859375,722.75,722.9000244140625,718.0999755859375,720.5499877929688,Inside Range,10:40,2025-11-03
MARUTI,16100.0,16100.0,15696.0,15775.0,16100.0,15696.0,15675.0,BREAKDOWN ↓ (close below ORL),10:40,2025-11-03
MAXHEALTH,1147.800048828125,1152.300048828125,1143.800048828125,1145.5,1152.300048828125,1143.800048828125,1141.300048828125,BREAKDOWN ↓ (close below ORL),10:40,2025-11-03
MAZDOCK,2720.0,2722.0,2701.60009765625,2716.5,2722.0,2701.60009765625,2733.800048828125,BREAKOUT ↑ (close above ORH),10:40,2025-11-03
MFSL,1544.800048828125,1549.800048828125,1532.4000244140625,1547.300048828125,1549.800048828125,1532.4000244140625,1557.0,BREAKOUT ↑ (close above ORH),10:40,2025-11-03
MOTHERSON,105.66999816894531,105.87000274658203,105.26000213623047,105.47000122070312,105.87000274658203,105.26000213623047,104.83999633789062,BREAKDOWN ↓ (close below ORL),10:40,2025-11-03
MOTILALOFS,978.2000122070312,988.9500122070312,973.25,977.25,988.9500122070312,973.25,995.0,BREAKOUT ↑ (close above ORH),10:40,2025-11-03
MPHASIS,2760.39990234375,2774.89990234375,2752.89990234375,2763.0,2774.89990234375,2752.89990234375,2750.60009765625,BREAKDOWN ↓ (close below ORL),10:40,2025-11-03
MRF,158295.0,158875.0,157980.0,158400.0,158875.0,157980.0,158820.0,Inside Range,10:40,2025-11-03
MUTHOOTFIN,3183.60009765625,3197.699951171875,3170.800048828125,3175.39990234375,3197.699951171875,3170.800048828125,3200.0,BREAKOUT ↑ (close above ORH),10:40,2025-11-03
NATIONALUM,236.27999877929688,239.1999969482422,236.27999877929688,237.8800048828125,239.1999969482422,236.27999877929688,238.5399932861328,Inside Range,10:40,2025-11-03
NAUKRI,1368.0,1368.0,1352.0999755859375,1358.0999755859375,1368.0,1352.0999755859375,1343.5,BREAKDOWN ↓ (close below ORL),10:40,2025-11-03
NESTLEIND,1266.0,1269.199951171875,1259.300048828125,1264.0,1269.199951171875,1259.300048828125,1265.0,Inside Range,10:40,2025-11-03
NHPC,85.0,85.16000366210938,84.56999969482422,85.13999938964844,85.16000366210938,84.56999969482422,85.55000305175781,BREAKOUT ↑ (close above ORH),10:40,2025-11-03
NMDC,75.8499984741211,76.80000305175781,75.30999755859375,76.58000183105469,76.80000305175781,75.30999755859375,76.16000366210938,Inside Range,10:40,2025-11-03
NTPC,336.95001220703125,337.04998779296875,333.5,334.95001220703125,337.04998779296875,333.5,337.04998779296875,Inside Range,10:40,2025-11-03
NTPCGREEN,103.13999938964844,103.31999969482422,102.79000091552734,102.88999938964844,103.31999969482422,102.79000091552734,103.02999877929688,Inside Range,10:40,2025-11-03
NYKAA,249.1699981689453,249.50999450683594,246.66000366210938,248.05999755859375,249.50999450683594,246.66000366210938,247.64999389648438,Inside Range,10:40,2025-11-03
OBEROIRLTY,1781.0,1798.0,1780.5,1788.0,1798.0,1780.5,1796.0,Inside Range,10:40,2025-11-03
OFSS,8446.5,8446.5,8361.0,8381.0,8446.5,8361.0,8320.0,BREAKDOWN ↓ (close below ORL),10:40,2025-11-03
OIL,433.3500061035156,440.8999938964844,431.0,440.3500061035156,440.8999938964844,431.0,436.1499938964844,Inside Range,10:40,2025-11-03
ONGC,255.10000610351562,257.1499938964844,254.3000030517578,257.04998779296875,257.1499938964844,254.3000030517578,257.1000061035156,Inside Range,10:40,2025-11-03
PAGEIND,41300.0,41300.0,40800.0,40895.0,41300.0,40800.0,40840.0,Inside Range,10:40,2025-11-03
PATANJALI,604.0,604.0,582.6500244140625,583.25,604.0,582.6500244140625,573.7999877929688,BREAKDOWN ↓ (close below ORL),10:40,2025-11-03
PAYTM,1303.0,1303.800048828125,1295.0,1299.0999755859375,1303.800048828125,1295.0,1277.5,BREAKDOWN ↓ (close below ORL),10:40,2025-11-03
PERSISTENT,5911.5,5912.5,5883.0,5900.0,5912.5,5883.0,5880.5,BREAKDOWN ↓ (close below ORL),10:40,2025-11-03
PFC,403.54998779296875,407.0,403.54998779296875,404.54998779296875,407.0,403.54998779296875,405.0,Inside Range,10:40,2025-11-03
PHOENIXLTD,1689.800048828125,1710.300048828125,1660.5,1698.800048828125,1710.300048828125,1660.5,1711.9000244140625,BREAKOUT ↑ (close above ORH),10:40,2025-11-03
PIDILITIND,1448.0,1470.0,1448.0,1462.5999755859375,1470.0,1448.0,1457.699951171875,Inside Range,10:40,2025-11-03
PIIND,3566.699951171875,3645.0,3566.699951171875,3622.199951171875,3645.0,3566.699951171875,3658.199951171875,BREAKOUT ↑ (close above ORH),10:40,2025-11-03
PNB,123.0999984741211,124.47000122070312,122.69999694824219,123.98999786376953,124.47000122070312,122.69999694824219,124.06999969482422,Inside Range,10:40,2025-11-03
POLICYBZR,1773.300048828125,1783.800048828125,1768.800048828125,1783.0,1783.800048828125,1768.800048828125,1773.4000244140625,Inside Range,10:40,2025-11-03
POLYCAB,7711.5,7769.5,7711.5,7769.5,7769.5,7711.5,7682.0,BREAKDOWN ↓ (close below ORL),10:40,2025-11-03
POWERGRID,289.3500061035156,289.3500061035156,287.25,288.04998779296875,289.3500061035156,287.25,289.25,Inside Range,10:40,2025-11-03
POWERINDIA,17837.0,18097.0,17837.0,17986.0,18097.0,17837.0,17810.0,BREAKDOWN ↓ (close below ORL),10:40,2025-11-03
PREMIERENE,1087.0,1087.0,1071.0,1072.4000244140625,1087.0,1071.0,1070.5999755859375,BREAKDOWN ↓ (close below ORL),10:40,2025-11-03
PRESTIGE,1736.9000244140625,1750.199951171875,1736.0999755859375,1746.0999755859375,1750.199951171875,1736.0999755859375,1764.800048828125,BREAKOUT ↑ (close above ORH),10:40,2025-11-03
RECLTD,375.75,377.3999938964844,375.0,376.0,377.3999938964844,375.0,377.70001220703125,BREAKOUT ↑ (close above ORH),10:40,2025-11-03
RELIANCE,1487.0999755859375,1488.9000244140625,1482.5,1483.9000244140625,1488.9000244140625,1482.5,1494.9000244140625,BREAKOUT ↑ (close above ORH),10:40,2025-11-03
RVNL,328.1000061035156,331.0,328.0,330.6000061035156,331.0,328.0,330.29998779296875,Inside Range,10:40,2025-11-03
SAIL,136.8000030517578,137.60000610351562,135.8000030517578,137.38999938964844,137.60000610351562,135.8000030517578,138.5800018310547,BREAKOUT ↑ (close above ORH),10:40,2025-11-03
SBICARD,883.1500244140625,883.1500244140625,877.3499755859375,879.0,883.1500244140625,877.3499755859375,886.0,BREAKOUT ↑ (close above ORH),10:40,2025-11-03
SBILIFE,1951.0999755859375,1957.4000244140625,1947.199951171875,1949.0,1957.4000244140625,1947.199951171875,1962.0,BREAKOUT ↑ (close above ORH),10:40,2025-11-03
SBIN,938.4000244140625,948.5,938.4000244140625,943.5999755859375,948.5,938.4000244140625,948.8499755859375,BREAKOUT ↑ (close above ORH),10:40,2025-11-03
SHREECEM,28220.0,28250.0,28150.0,28240.0,28250.0,28150.0,28220.0,Inside Range,10:40,2025-11-03
SHRIRAMFIN,761.0499877929688,790.9500122070312,761.0499877929688,787.2000122070312,790.9500122070312,761.0499877929688,785.8499755859375,Inside Range,10:40,2025-11-03
SIEMENS,3102.60009765625,3113.0,3096.0,3113.0,3113.0,3096.0,3125.800048828125,BREAKOUT ↑ (close above ORH),10:40,2025-11-03
SOLARINDS,13850.0,13918.0,13838.0,13890.0,13918.0,13838.0,13965.0,BREAKOUT ↑ (close above ORH),10:40,2025-11-03
SONACOMS,473.45001220703125,477.0,473.0,476.29998779296875,477.0,473.0,478.0,BREAKOUT ↑ (close above ORH),10:40,2025-11-03
SRF,2910.89990234375,2928.800048828125,2910.89990234375,2923.10009765625,2928.800048828125,2910.89990234375,2923.0,Inside Range,10:40,2025-11-03
SUNPHARMA,1686.0,1694.5,1681.300048828125,1694.4000244140625,1694.5,1681.300048828125,1699.699951171875,BREAKOUT ↑ (close above ORH),10:40,2025-11-03
SUPREMEIND,3797.800048828125,3806.800048828125,3793.39990234375,3803.39990234375,3806.800048828125,3793.39990234375,3845.0,BREAKOUT ↑ (close above ORH),10:40,2025-11-03
SUZLON,59.52000045776367,59.849998474121094,58.709999084472656,58.810001373291016,59.849998474121094,58.709999084472656,59.130001068115234,Inside Range,10:40,2025-11-03
SWIGGY,409.5,409.70001220703125,404.3500061035156,404.5,409.70001220703125,404.3500061035156,406.3500061035156,Inside Range,10:40,2025-11-03
TATACOMM,1874.5999755859375,1884.4000244140625,1865.9000244140625,1881.9000244140625,1884.4000244140625,1865.9000244140625,1866.0,Inside Range,10:40,2025-11-03
TATACONSUM,1164.0,1167.0,1159.300048828125,1165.699951171875,1167.0,1159.300048828125,1164.699951171875,Inside Range,10:40,2025-11-03
TATAELXSI,5441.5,5442.0,5422.0,5430.0,5442.0,5422.0,5420.0,BREAKDOWN ↓ (close below ORL),10:40,2025-11-03
TATAPOWER,403.79998779296875,404.45001220703125,401.5,403.3999938964844,404.45001220703125,401.5,406.6499938964844,BREAKOUT ↑ (close above ORH),10:40,2025-11-03
TATASTEEL,182.39999389648438,183.10000610351562,181.8300018310547,183.0,183.10000610351562,181.8300018310547,182.4499969482422,Inside Range,10:40,2025-11-03
TATATECH,694.8499755859375,694.8499755859375,690.0499877929688,692.7000122070312,694.8499755859375,690.0499877929688,692.5,Inside Range,10:40,2025-11-03
TCS,3050.0,3056.800048828125,3043.0,3050.0,3056.800048828125,3043.0,3036.89990234375,BREAKDOWN ↓ (close below ORL),10:40,2025-11-03
TECHM,1421.0,1422.5999755859375,1414.0,1420.0999755859375,1422.5999755859375,1414.0,1421.0999755859375,Inside Range,10:40,2025-11-03
TIINDIA,3021.199951171875,3023.89990234375,2995.0,3015.800048828125,3023.89990234375,2995.0,3022.5,Inside Range,10:40,2025-11-03
TITAN,3738.89990234375,3749.10009765625,3684.10009765625,3690.0,3749.10009765625,3684.10009765625,3713.0,Inside Range,10:40,2025-11-03
TMPV,413.95001220703125,414.3500061035156,411.0,411.0,414.3500061035156,411.0,411.0,Inside Range,10:40,2025-11-03
TORNTPHARM,3574.60009765625,3583.699951171875,3567.5,3572.10009765625,3583.699951171875,3567.5,3596.0,BREAKOUT ↑ (close above ORH),10:40,2025-11-03
TORNTPOWER,1314.0,1318.5,1310.300048828125,1318.5,1318.5,1310.300048828125,1330.4000244140625,BREAKOUT ↑ (close above ORH),10:45,2025-11-03
TRENT,4694.0,4696.0,4664.60009765625,4670.5,4696.0,4664.60009765625,4687.5,Inside Range,10:40,2025-11-03
TVSMOTOR,3519.5,3528.800048828125,3504.300048828125,3514.5,3528.800048828125,3504.300048828125,3524.60009765625,Inside Range,10:45,2025-11-03
ULTRACEMCO,11931.0,11940.0,11888.0,11926.0,11940.0,11888.0,11955.0,BREAKOUT ↑ (close above ORH),10:45,2025-11-03
UNIONBANK,149.0399932861328,151.47999572753906,148.99000549316406,151.38999938964844,151.47999572753906,148.99000549316406,152.0399932861328,BREAKOUT ↑ (close above ORH),10:45,2025-11-03
UNITDSPR,1441.0,1462.0,1441.0,1452.4000244140625,1462.0,1441.0,1434.699951171875,BREAKDOWN ↓ (close below ORL),10:45,2025-11-03
UPL,720.0999755859375,726.3499755859375,719.7999877929688,726.3499755859375,726.3499755859375,719.7999877929688,722.0,Inside Range,10:45,2025-11-03
VBL,471.3999938964844,472.75,469.1000061035156,471.1000061035156,472.75,469.1000061035156,479.20001220703125,BREAKOUT ↑ (close above ORH),10:45,2025-11-03
VEDL,500.3999938964844,508.45001220703125,500.3999938964844,507.1499938964844,508.45001220703125,500.3999938964844,504.54998779296875,Inside Range,10:45,2025-11-03
VMM,144.72999572753906,144.72999572753906,142.3800048828125,143.13999938964844,144.72999572753906,142.3800048828125,143.3000030517578,Inside Range,10:45,2025-11-03
VOLTAS,1381.199951171875,1386.800048828125,1369.0999755859375,1372.4000244140625,1386.800048828125,1369.0999755859375,1365.4000244140625,BREAKDOWN ↓ (close below ORL),10:40,2025-11-03
WAAREEENER,3430.0,3474.0,3430.0,3448.0,3474.0,3430.0,3453.199951171875,Inside Range,10:40,2025-11-03
WIPRO,241.0,241.13999938964844,239.5800018310547,240.3000030517578,241.13999938964844,239.5800018310547,241.14999389648438,BREAKOUT ↑ (close above ORH),10:45,2025-11-03
YESBANK,22.760000228881836,22.889999389648438,22.540000915527344,22.8799991607666,22.889999389648438,22.540000915527344,22.940000534057617,BREAKOUT ↑ (close above ORH),10:45,2025-11-03
ZYDUSLIFE,973.4000244140625,976.75,971.4000244140625,973.9500122070312,976.75,971.4000244140625,975.7000122070312,Inside Range,10:45,2025-11-03
